Commands,Difference Found(Yes/No),PreCheck,PostCheck
uname -a,No
uptime,Yes," 03:55:31 up 62 days,  7:14,  1 user,  load average: 0.09, 0.05, 0.06"," 03:55:49 up 62 days,  7:14,  1 user,  load average: 0.07, 0.05, 0.05",
cat /etc/redhat-release,No
dmidecode -s system-product-name,No
lsblk,No
vmware-toolbox-cmd -v,No
lvs,No
vgs,No
pvs,No
cat /etc/resolv.conf,No
cat /etc/hosts,No
ifconfig -a,Yes,"        RX packets 59576044  bytes 13349618772 (12.4 GiB)
        TX packets 21775571  bytes 161348023079 (150.2 GiB)
        RX packets 824697664  bytes 71133083814 (66.2 GiB)
        RX errors 0  dropped 457912  overruns 0  frame 0
        RX packets 2320167  bytes 395290462 (376.9 MiB)
        TX packets 442337  bytes 112211992 (107.0 MiB)
        RX packets 36114  bytes 4342971 (4.1 MiB)
        TX packets 36114  bytes 4342971 (4.1 MiB)","        RX packets 59576321  bytes 13349656079 (12.4 GiB)
        TX packets 21775794  bytes 161348538665 (150.2 GiB)
        RX packets 824698710  bytes 71133183184 (66.2 GiB)
        RX errors 0  dropped 457914  overruns 0  frame 0
        RX packets 2320212  bytes 395302878 (376.9 MiB)
        TX packets 442357  bytes 112219426 (107.0 MiB)
        RX packets 36116  bytes 4343079 (4.1 MiB)
        TX packets 36116  bytes 4343079 (4.1 MiB)",
netstat -nr,No
mount,No
df -h,No
fdisk -l,No
cat /etc/fstab,No
cat /etc/grub.conf,No
cat /etc/ntp.conf,No
netstat -tulnp,No
ps aux,Yes,"root        837  0.0  0.5 844684 10792 ?        Sl   Oct14   8:59 falcon-sensor
root       1000  0.0  0.1 256360  2744 ?        S    Oct14   0:33 /usr/libexec/sssd/sssd_pam --uid 0 --gid 0 --logger=files
r6JV4ZZ6   9635  0.0  0.5 196168 10184 pts/1    R+   03:55   0:00 python precheck.py
r6JV4ZZ6   9662  0.0  0.0 155452  1872 pts/1    R+   03:55   0:00 ps aux
root     129708  0.0  0.3 180984  6756 ?        Ss   03:18   0:00 sshd: r6JV4ZZ6 [priv]","root        837  0.0  0.5 844684 10768 ?        Sl   Oct14   8:59 falcon-sensor
root       1000  0.0  0.1 256360  2740 ?        S    Oct14   0:33 /usr/libexec/sssd/sssd_pam --uid 0 --gid 0 --logger=files
r6JV4ZZ6   9786  0.0  0.5 198256 10308 pts/1    S+   03:55   0:00 python postcheck.py
root       9810  0.0  0.0      0     0 ?        S    03:55   0:00 [kworker/u256:2]
r6JV4ZZ6   9811  0.0  0.0 155452  1872 pts/1    R+   03:55   0:00 ps aux
root     129708  0.0  0.3 180984  6752 ?        Ss   03:18   0:00 sshd: r6JV4ZZ6 [priv]",
cat /etc/hosts | wc -l,No
cat /etc/resolv.conf | wc -l,No
cat /etc/grub.conf | wc -l,No
cat /etc/ntp.conf | wc -l,No
ps aux | wc -l,No
netstat -tulnp | wc -l,No
netstat -nr | wc -l,No
ifconfig -a | wc -l,No
df -h | wc -l,No
mount | wc -l,No
cat /etc/fstab | wc -l,No
fdisk -l | wc -l,No
lvs | wc -l,No
vgs | wc -l,No
pvs | wc -l,No
cat /etc/grub2.cfg,No
cat /etc/udev/rules.d/91-asm.rules,No
cat /etc/udev/rules.d/91-asm.rules | wc -l,No
powermt display dev=all,No
multipath -l,No
ntpq -p,No
rpm -qa,No
yum repolist,No
systemctl list-units --type service --all,No
systemctl list-unit-files --type=service,No
